"","Condition","Percent","paradigm","name","slopes"
"1","V1_45","0","task","Homo",0.165272470916261
"2","V1_45","0","task","Hetero",0.101421602769396
"3","V1_45","0","task","Homo",0.0393479288669365
"4","V1_45","0","task","Hetero",0.0806080550754195
"5","V1_45","0","task","Homo",0.158231636994834
"6","V1_45","0","task","Hetero",0.256020579931729
"7","V1_45","0","task","Homo",0.142913019462317
"8","V1_45","0","task","Hetero",0.108875322863397
"9","V1_45","0","task","Homo",0.11787063650476
"10","V1_45","0","task","Hetero",0.107410641380487
"11","V1_45","0","task","Homo",0.137104751693488
"12","V1_45","0","task","Hetero",0.161483476296322
"13","V1_45","0","task","Homo",0.0779669629071
"14","V1_45","0","task","Hetero",0.0953741331208421
"15","V1_45","0","task","Homo",0
"16","V1_45","0","task","Hetero",0
"17","V1_45","0","task","Homo",0.228983384056579
"18","V1_45","0","task","Hetero",0.171099778162437
"19","V1_45","0","task","Homo",0.213739267595293
"20","V1_45","0","task","Hetero",0.292839272016382
"21","V1_45","10","task","Homo",0.182249192336807
"22","V1_45","10","task","Hetero",0.140218952498937
"23","V1_45","10","task","Homo",0.075689353347285
"24","V1_45","10","task","Hetero",0.0911298104906528
"25","V1_45","10","task","Homo",0.164953111836136
"26","V1_45","10","task","Hetero",0.193996375493152
"27","V1_45","10","task","Homo",0.136734494943721
"28","V1_45","10","task","Hetero",0.122716462727854
"29","V1_45","10","task","Homo",0.208786723340523
"30","V1_45","10","task","Hetero",0.192748831030004
"31","V1_45","10","task","Homo",0.176604694047444
"32","V1_45","10","task","Hetero",0.23147934695306
"33","V1_45","10","task","Homo",0.110468673991931
"34","V1_45","10","task","Hetero",0.128435196489849
"35","V1_45","10","task","Homo",0.0872677577010421
"36","V1_45","10","task","Hetero",0.0468273350889487
"37","V1_45","10","task","Homo",0.246470492656529
"38","V1_45","10","task","Hetero",0.176527089363366
"39","V1_45","10","task","Homo",0.267926551560036
"40","V1_45","10","task","Hetero",0.260571510684674
"41","V1_45","20","task","Homo",0.145641557398498
"42","V1_45","20","task","Hetero",0.0998621141409722
"43","V1_45","20","task","Homo",0.0839982987197333
"44","V1_45","20","task","Hetero",0.103039700701855
"45","V1_45","20","task","Homo",0.177843318806753
"46","V1_45","20","task","Hetero",0.191424260611905
"47","V1_45","20","task","Homo",0.141973547599148
"48","V1_45","20","task","Hetero",0.134213642197798
"49","V1_45","20","task","Homo",0.198480794174925
"50","V1_45","20","task","Hetero",0.17693778629058
"51","V1_45","20","task","Homo",0.176496279119731
"52","V1_45","20","task","Hetero",0.171846031896686
"53","V1_45","20","task","Homo",0.104474154835188
"54","V1_45","20","task","Hetero",0.146427621619687
"55","V1_45","20","task","Homo",0.0868649166038164
"56","V1_45","20","task","Hetero",0.0566230153826253
"57","V1_45","20","task","Homo",0.220918034074211
"58","V1_45","20","task","Hetero",0.16529948905971
"59","V1_45","20","task","Homo",0.250953068167415
"60","V1_45","20","task","Hetero",0.231681708085463
"61","V1_45","40","task","Homo",0.178551512813283
"62","V1_45","40","task","Hetero",0.110342620917317
"63","V1_45","40","task","Homo",0.0935401099015537
"64","V1_45","40","task","Hetero",0.115913436476281
"65","V1_45","40","task","Homo",0.170921298364766
"66","V1_45","40","task","Hetero",0.181779097580762
"67","V1_45","40","task","Homo",0.130275490329438
"68","V1_45","40","task","Hetero",0.142900578676764
"69","V1_45","40","task","Homo",0.179490735480436
"70","V1_45","40","task","Hetero",0.17303336092995
"71","V1_45","40","task","Homo",0.173858751981641
"72","V1_45","40","task","Hetero",0.159637776449614
"73","V1_45","40","task","Homo",0.148164160740411
"74","V1_45","40","task","Hetero",0.147240640385172
"75","V1_45","40","task","Homo",0.13700078361454
"76","V1_45","40","task","Hetero",0.128740572732837
"77","V1_45","40","task","Homo",0.186124011016116
"78","V1_45","40","task","Hetero",0.167908163899035
"79","V1_45","40","task","Homo",0.226859005845698
"80","V1_45","40","task","Hetero",0.244594946802913
"81","V1_45","60","task","Homo",0.173386081645946
"82","V1_45","60","task","Hetero",0.111449052137927
"83","V1_45","60","task","Homo",0.119260986377782
"84","V1_45","60","task","Hetero",0.124581186798223
"85","V1_45","60","task","Homo",0.164710115255549
"86","V1_45","60","task","Hetero",0.178935360761277
"87","V1_45","60","task","Homo",0.15395130482985
"88","V1_45","60","task","Hetero",0.139409641878826
"89","V1_45","60","task","Homo",0.174043821328746
"90","V1_45","60","task","Hetero",0.164113809102766
"91","V1_45","60","task","Homo",0.159150698876213
"92","V1_45","60","task","Hetero",0.160801153585043
"93","V1_45","60","task","Homo",0.170940125979833
"94","V1_45","60","task","Hetero",0.164135831870724
"95","V1_45","60","task","Homo",0.123848781248469
"96","V1_45","60","task","Hetero",0.121453516875054
"97","V1_45","60","task","Homo",0.182026431298374
"98","V1_45","60","task","Hetero",0.162812760568027
"99","V1_45","60","task","Homo",0.2079146204641
"100","V1_45","60","task","Hetero",0.242355213013776
"101","V1_45","100","task","Homo",0.151174794280031
"102","V1_45","100","task","Hetero",0.125533484099206
"103","V1_45","100","task","Homo",0.126778438019722
"104","V1_45","100","task","Hetero",0.139990936189778
"105","V1_45","100","task","Homo",0.165999862482403
"106","V1_45","100","task","Hetero",0.16883932074781
"107","V1_45","100","task","Homo",0.154764234780615
"108","V1_45","100","task","Hetero",0.144930554402186
"109","V1_45","100","task","Homo",0.165871904207841
"110","V1_45","100","task","Hetero",0.16310002875871
"111","V1_45","100","task","Homo",0.156945232641383
"112","V1_45","100","task","Hetero",0.163285246519507
"113","V1_45","100","task","Homo",0.151562339827067
"114","V1_45","100","task","Hetero",0.146586358478934
"115","V1_45","100","task","Homo",0.198885054481574
"116","V1_45","100","task","Hetero",0.169926754934764
"117","V1_45","100","task","Homo",0.185295488906388
"118","V1_45","100","task","Hetero",0.170771990856898
"119","V1_45","100","task","Homo",0.212636205730234
"120","V1_45","100","task","Hetero",0.228659621258822
"121","V1_90","0","task","Homo",0.114073487569615
"122","V1_90","0","task","Hetero",0.0305127159810503
"123","V1_90","0","task","Homo",0.0701965811657035
"124","V1_90","0","task","Hetero",0.0726705584311033
"125","V1_90","0","task","Homo",0.274306130788009
"126","V1_90","0","task","Hetero",0.21971533816594
"127","V1_90","0","task","Homo",0.144175821832888
"128","V1_90","0","task","Hetero",0.102607035240203
"129","V1_90","0","task","Homo",0.153342405637253
"130","V1_90","0","task","Hetero",0.179503779822689
"131","V1_90","0","task","Homo",0.115131607289279
"132","V1_90","0","task","Hetero",0.0539192467819853
"133","V1_90","0","task","Homo",0.179636697041736
"134","V1_90","0","task","Hetero",0.0844845806078342
"135","V1_90","0","task","Homo",0.103675643836176
"136","V1_90","0","task","Hetero",0.0460139478854642
"137","V1_90","0","task","Homo",0.0714255032868975
"138","V1_90","0","task","Hetero",0.0606478337997669
"139","V1_90","0","task","Homo",0.160950733481029
"140","V1_90","0","task","Hetero",0.135721058404737
"141","V1_90","10","task","Homo",0.117431413172183
"142","V1_90","10","task","Hetero",0.0821955251731853
"143","V1_90","10","task","Homo",0.177550470559083
"144","V1_90","10","task","Hetero",0.17834815507386
"145","V1_90","10","task","Homo",0.240685891246923
"146","V1_90","10","task","Hetero",0.188736781750597
"147","V1_90","10","task","Homo",0.146602957468794
"148","V1_90","10","task","Hetero",0.100686995368153
"149","V1_90","10","task","Homo",0.236500186107825
"150","V1_90","10","task","Hetero",0.134034729862285
"151","V1_90","10","task","Homo",0.216148533440282
"152","V1_90","10","task","Hetero",0.144526716694541
"153","V1_90","10","task","Homo",0.196769375936895
"154","V1_90","10","task","Hetero",0.126559971602047
"155","V1_90","10","task","Homo",0.14759589305319
"156","V1_90","10","task","Hetero",0.144548926913653
"157","V1_90","10","task","Homo",0.145843711562876
"158","V1_90","10","task","Hetero",0.0576962956657413
"159","V1_90","10","task","Homo",0.225643239108631
"160","V1_90","10","task","Hetero",0.171362278927004
"161","V1_90","20","task","Homo",0.113087648635048
"162","V1_90","20","task","Hetero",0.143377593895082
"163","V1_90","20","task","Homo",0.16612367589959
"164","V1_90","20","task","Hetero",0.180218809985644
"165","V1_90","20","task","Homo",0.212182343624048
"166","V1_90","20","task","Hetero",0.181132877497786
"167","V1_90","20","task","Homo",0.144133599558545
"168","V1_90","20","task","Hetero",0.12418489859008
"169","V1_90","20","task","Homo",0.203199743868054
"170","V1_90","20","task","Hetero",0.14726383752761
"171","V1_90","20","task","Homo",0.182403831215468
"172","V1_90","20","task","Hetero",0.12183509257897
"173","V1_90","20","task","Homo",0.17500552510697
"174","V1_90","20","task","Hetero",0.149632885001247
"175","V1_90","20","task","Homo",0.195800969788205
"176","V1_90","20","task","Hetero",0.156299873898423
"177","V1_90","20","task","Homo",0.134390639056925
"178","V1_90","20","task","Hetero",0.108525790207393
"179","V1_90","20","task","Homo",0.182008387364027
"180","V1_90","20","task","Hetero",0.141345891334378
"181","V1_90","40","task","Homo",0.141494432762468
"182","V1_90","40","task","Hetero",0.170370465466111
"183","V1_90","40","task","Homo",0.171459282892606
"184","V1_90","40","task","Hetero",0.175692452301508
"185","V1_90","40","task","Homo",0.190832586858029
"186","V1_90","40","task","Hetero",0.171006523888345
"187","V1_90","40","task","Homo",0.140734793963682
"188","V1_90","40","task","Hetero",0.110705555625903
"189","V1_90","40","task","Homo",0.171292022784905
"190","V1_90","40","task","Hetero",0.150169459700116
"191","V1_90","40","task","Homo",0.175098083401335
"192","V1_90","40","task","Hetero",0.129725468184353
"193","V1_90","40","task","Homo",0.144817416936784
"194","V1_90","40","task","Hetero",0.129998973437209
"195","V1_90","40","task","Homo",0.179341881440579
"196","V1_90","40","task","Hetero",0.155339243396627
"197","V1_90","40","task","Homo",0.145945400813397
"198","V1_90","40","task","Hetero",0.109521526026412
"199","V1_90","40","task","Homo",0.166787247364734
"200","V1_90","40","task","Hetero",0.130752743779199
"201","V1_90","60","task","Homo",0.160894062895391
"202","V1_90","60","task","Hetero",0.167409664669176
"203","V1_90","60","task","Homo",0.166057598934383
"204","V1_90","60","task","Hetero",0.176261451720977
"205","V1_90","60","task","Homo",0.182475663789676
"206","V1_90","60","task","Hetero",0.168962781488223
"207","V1_90","60","task","Homo",0.128704174505884
"208","V1_90","60","task","Hetero",0.114603773248759
"209","V1_90","60","task","Homo",0.16075057487876
"210","V1_90","60","task","Hetero",0.153578320503451
"211","V1_90","60","task","Homo",0.164421788347961
"212","V1_90","60","task","Hetero",0.134411873867852
"213","V1_90","60","task","Homo",0.135300193583813
"214","V1_90","60","task","Hetero",0.128348965863645
"215","V1_90","60","task","Homo",0.191754902478326
"216","V1_90","60","task","Hetero",0.147464376116968
"217","V1_90","60","task","Homo",0.151809529482253
"218","V1_90","60","task","Hetero",0.116061381484236
"219","V1_90","60","task","Homo",0.160555758700031
"220","V1_90","60","task","Hetero",0.123462781495787
"221","V1_90","100","task","Homo",0.172678227074389
"222","V1_90","100","task","Hetero",0.173071667098241
"223","V1_90","100","task","Homo",0.18835727026393
"224","V1_90","100","task","Hetero",0.170188118391735
"225","V1_90","100","task","Homo",0.182724145399827
"226","V1_90","100","task","Hetero",0.171096592699828
"227","V1_90","100","task","Homo",0.154530953723659
"228","V1_90","100","task","Hetero",0.132309403225624
"229","V1_90","100","task","Homo",0.172151059807485
"230","V1_90","100","task","Hetero",0.158310353613184
"231","V1_90","100","task","Homo",0.162508460768313
"232","V1_90","100","task","Hetero",0.143604484287823
"233","V1_90","100","task","Homo",0.156027518303446
"234","V1_90","100","task","Hetero",0.126973936990235
"235","V1_90","100","task","Homo",0.272202070612585
"236","V1_90","100","task","Hetero",0.169473496815334
"237","V1_90","100","task","Homo",0.181779975311739
"238","V1_90","100","task","Hetero",0.127162772572257
"239","V1_90","100","task","Homo",0.168534401487116
"240","V1_90","100","task","Hetero",0.137858494802603
"241","V1_135","0","task","Homo",0.025762328696873
"242","V1_135","0","task","Hetero",0.0159291473594502
"243","V1_135","0","task","Homo",0
"244","V1_135","0","task","Hetero",0
"245","V1_135","0","task","Homo",0.194103959579184
"246","V1_135","0","task","Hetero",0.124416980414378
"247","V1_135","0","task","Homo",0.0184815613119086
"248","V1_135","0","task","Hetero",0.0189659901393184
"249","V1_135","0","task","Homo",0.118653464303239
"250","V1_135","0","task","Hetero",0.0757926751882274
"251","V1_135","0","task","Homo",0.0344995299213798
"252","V1_135","0","task","Hetero",0.0511185059944139
"253","V1_135","0","task","Homo",0.0397275824189845
"254","V1_135","0","task","Hetero",-0.000780324723093389
"255","V1_135","0","task","Homo",0
"256","V1_135","0","task","Hetero",0
"257","V1_135","0","task","Homo",0.0910183055216478
"258","V1_135","0","task","Hetero",0.0402053123298305
"259","V1_135","0","task","Homo",0.0223044225813128
"260","V1_135","0","task","Hetero",0.0645130140457208
"261","V1_135","10","task","Homo",0.0721195309096722
"262","V1_135","10","task","Hetero",0.0795023256908677
"263","V1_135","10","task","Homo",0.0953888751926927
"264","V1_135","10","task","Hetero",0.0578715001896322
"265","V1_135","10","task","Homo",0.242907171641133
"266","V1_135","10","task","Hetero",0.168101223231722
"267","V1_135","10","task","Homo",0.148266771284422
"268","V1_135","10","task","Hetero",0.0804102612006999
"269","V1_135","10","task","Homo",0.153296823118875
"270","V1_135","10","task","Hetero",0.0872454857043929
"271","V1_135","10","task","Homo",0.193078671011737
"272","V1_135","10","task","Hetero",0.0915380067106266
"273","V1_135","10","task","Homo",0.121336864204313
"274","V1_135","10","task","Hetero",0.0391526107169784
"275","V1_135","10","task","Homo",0.0600311238555896
"276","V1_135","10","task","Hetero",0.0468529975839356
"277","V1_135","10","task","Homo",0.124674989214978
"278","V1_135","10","task","Hetero",0.0906657139834247
"279","V1_135","10","task","Homo",0.176698564217873
"280","V1_135","10","task","Hetero",0.115415327749633
"281","V1_135","20","task","Homo",0.0959029142937722
"282","V1_135","20","task","Hetero",0.100588553522721
"283","V1_135","20","task","Homo",0.116871780272726
"284","V1_135","20","task","Hetero",0.0752770183951867
"285","V1_135","20","task","Homo",0.227485169735054
"286","V1_135","20","task","Hetero",0.151838070781466
"287","V1_135","20","task","Homo",0.141897100598009
"288","V1_135","20","task","Hetero",0.0997799596927739
"289","V1_135","20","task","Homo",0.161032926234167
"290","V1_135","20","task","Hetero",0.0963827302237071
"291","V1_135","20","task","Homo",0.177929416130879
"292","V1_135","20","task","Hetero",0.103075536882282
"293","V1_135","20","task","Homo",0.160779409385028
"294","V1_135","20","task","Hetero",0.0568098113077478
"295","V1_135","20","task","Homo",0.184059121499512
"296","V1_135","20","task","Hetero",0.117952857124342
"297","V1_135","20","task","Homo",0.149772107663167
"298","V1_135","20","task","Hetero",0.084860631277899
"299","V1_135","20","task","Homo",0.222773696883112
"300","V1_135","20","task","Hetero",0.133058657713002
"301","V1_135","40","task","Homo",0.100451970890583
"302","V1_135","40","task","Hetero",0.117853820642547
"303","V1_135","40","task","Homo",0.121667485503629
"304","V1_135","40","task","Hetero",0.0994777699159891
"305","V1_135","40","task","Homo",0.209610292424206
"306","V1_135","40","task","Hetero",0.148657359735357
"307","V1_135","40","task","Homo",0.160678059555624
"308","V1_135","40","task","Hetero",0.159530701226635
"309","V1_135","40","task","Homo",0.164520428938053
"310","V1_135","40","task","Hetero",0.106234002348334
"311","V1_135","40","task","Homo",0.148460874259843
"312","V1_135","40","task","Hetero",0.104745513583724
"313","V1_135","40","task","Homo",0.153373896543732
"314","V1_135","40","task","Hetero",0.0691028487603119
"315","V1_135","40","task","Homo",0.195669766533407
"316","V1_135","40","task","Hetero",0.10591661546307
"317","V1_135","40","task","Homo",0.139133270936205
"318","V1_135","40","task","Hetero",0.0985489657406467
"319","V1_135","40","task","Homo",0.173304472369546
"320","V1_135","40","task","Hetero",0.131527566374046
"321","V1_135","60","task","Homo",0.145288630665649
"322","V1_135","60","task","Hetero",0.109323298727728
"323","V1_135","60","task","Homo",0.121826481689453
"324","V1_135","60","task","Hetero",0.107481000910987
"325","V1_135","60","task","Homo",0.197052338144579
"326","V1_135","60","task","Hetero",0.150731585551695
"327","V1_135","60","task","Homo",0.149843967197144
"328","V1_135","60","task","Hetero",0.138627877343575
"329","V1_135","60","task","Homo",0.159424685807195
"330","V1_135","60","task","Hetero",0.114305553327868
"331","V1_135","60","task","Homo",0.148501792371251
"332","V1_135","60","task","Hetero",0.119048642771609
"333","V1_135","60","task","Homo",0.171044939769632
"334","V1_135","60","task","Hetero",0.0935256331123173
"335","V1_135","60","task","Homo",0.160858746006505
"336","V1_135","60","task","Hetero",0.134080174332969
"337","V1_135","60","task","Homo",0.131540303656159
"338","V1_135","60","task","Hetero",0.125613433675525
"339","V1_135","60","task","Homo",0.16491094645807
"340","V1_135","60","task","Hetero",0.128252793717746
"341","V1_135","100","task","Homo",0.1509614090273
"342","V1_135","100","task","Hetero",0.106225214687208
"343","V1_135","100","task","Homo",0.129858772424851
"344","V1_135","100","task","Hetero",0.133452863519322
"345","V1_135","100","task","Homo",0.198556139767368
"346","V1_135","100","task","Hetero",0.156106732350108
"347","V1_135","100","task","Homo",0.144407852750046
"348","V1_135","100","task","Hetero",0.154064316998871
"349","V1_135","100","task","Homo",0.185168005143428
"350","V1_135","100","task","Hetero",0.122441033602157
"351","V1_135","100","task","Homo",0.155466280583475
"352","V1_135","100","task","Hetero",0.126739090893549
"353","V1_135","100","task","Homo",0.209033978079464
"354","V1_135","100","task","Hetero",0.142992622999656
"355","V1_135","100","task","Homo",0.217416278205928
"356","V1_135","100","task","Hetero",0.14690381317178
"357","V1_135","100","task","Homo",0.150072054215055
"358","V1_135","100","task","Hetero",0.132009946234574
"359","V1_135","100","task","Homo",0.17262767623061
"360","V1_135","100","task","Hetero",0.135757550019171
"361","PPC_45","0","task","Homo",0.0599559734712583
"362","PPC_45","0","task","Hetero",0.0543460009101205
"363","PPC_45","0","task","Homo",0.0412834081686068
"364","PPC_45","0","task","Hetero",0.112051916240236
"365","PPC_45","0","task","Homo",0.0767079547858657
"366","PPC_45","0","task","Hetero",0.0588269856858892
"367","PPC_45","0","task","Homo",0.058650253741899
"368","PPC_45","0","task","Hetero",0.0538333306249747
"369","PPC_45","0","task","Homo",0.0269463997873785
"370","PPC_45","0","task","Hetero",0.04356666834831
"371","PPC_45","0","task","Homo",0.144338553821781
"372","PPC_45","0","task","Hetero",0.129037667085748
"373","PPC_45","0","task","Homo",0.153227704097013
"374","PPC_45","0","task","Hetero",0.089279177114771
"375","PPC_45","10","task","Homo",0.128713565414549
"376","PPC_45","10","task","Hetero",0.11502123668188
"377","PPC_45","10","task","Homo",0.175874721164838
"378","PPC_45","10","task","Hetero",0.154698716131063
"379","PPC_45","10","task","Homo",0.0663557549239882
"380","PPC_45","10","task","Hetero",0.0897146197005121
"381","PPC_45","10","task","Homo",0.125512253624102
"382","PPC_45","10","task","Hetero",0.116509210894838
"383","PPC_45","10","task","Homo",0.111958628150602
"384","PPC_45","10","task","Hetero",0.099469977684643
"385","PPC_45","10","task","Homo",0.111163208825831
"386","PPC_45","10","task","Hetero",0.0975422957154015
"387","PPC_45","10","task","Homo",0.100478967045718
"388","PPC_45","10","task","Hetero",0.122602154147766
"389","PPC_45","20","task","Homo",0.134160003263367
"390","PPC_45","20","task","Hetero",0.125518221512489
"391","PPC_45","20","task","Homo",0.183023562654261
"392","PPC_45","20","task","Hetero",0.152238700020569
"393","PPC_45","20","task","Homo",0.107468089909389
"394","PPC_45","20","task","Hetero",0.114688989976746
"395","PPC_45","20","task","Homo",0.13376618489363
"396","PPC_45","20","task","Hetero",0.121749989736549
"397","PPC_45","20","task","Homo",0.139949014115773
"398","PPC_45","20","task","Hetero",0.132019367845364
"399","PPC_45","20","task","Homo",0.163960578434739
"400","PPC_45","20","task","Hetero",0.107209100822449
"401","PPC_45","20","task","Homo",0.15373088551024
"402","PPC_45","20","task","Hetero",0.201786499831007
"403","PPC_45","40","task","Homo",0.132180615378468
"404","PPC_45","40","task","Hetero",0.142489363306265
"405","PPC_45","40","task","Homo",0.160879805029948
"406","PPC_45","40","task","Hetero",0.164422710960314
"407","PPC_45","40","task","Homo",0.112415617916496
"408","PPC_45","40","task","Hetero",0.117841259377544
"409","PPC_45","40","task","Homo",0.13714217304072
"410","PPC_45","40","task","Hetero",0.126728302578257
"411","PPC_45","40","task","Homo",0.153387757679302
"412","PPC_45","40","task","Hetero",0.15574631150222
"413","PPC_45","40","task","Homo",0.155280972199704
"414","PPC_45","40","task","Hetero",0.121596111464093
"415","PPC_45","40","task","Homo",0.158576678600932
"416","PPC_45","40","task","Hetero",0.174274787501129
"417","PPC_45","60","task","Homo",0.152722001344002
"418","PPC_45","60","task","Hetero",0.139844634868599
"419","PPC_45","60","task","Homo",0.153124662956899
"420","PPC_45","60","task","Hetero",0.160374035232138
"421","PPC_45","60","task","Homo",0.104748357156225
"422","PPC_45","60","task","Hetero",0.139810006486182
"423","PPC_45","60","task","Homo",0.131976435299137
"424","PPC_45","60","task","Hetero",0.129606753954353
"425","PPC_45","60","task","Homo",0.143464928357254
"426","PPC_45","60","task","Hetero",0.163183699566351
"427","PPC_45","60","task","Homo",0.141762511478244
"428","PPC_45","60","task","Hetero",0.117690146566363
"429","PPC_45","60","task","Homo",0.15662138206339
"430","PPC_45","60","task","Hetero",0.164503330675722
"431","PPC_45","100","task","Homo",0.14617912981378
"432","PPC_45","100","task","Hetero",0.139385907851833
"433","PPC_45","100","task","Homo",0.146445956057379
"434","PPC_45","100","task","Hetero",0.156058785590763
"435","PPC_45","100","task","Homo",0.0953501980411998
"436","PPC_45","100","task","Hetero",0.150084091871023
"437","PPC_45","100","task","Homo",0.130224307675375
"438","PPC_45","100","task","Hetero",0.126018839741775
"439","PPC_45","100","task","Homo",0.137177441947983
"440","PPC_45","100","task","Hetero",0.166974510283632
"441","PPC_45","100","task","Homo",0.127922331681299
"442","PPC_45","100","task","Hetero",0.1277572011714
"443","PPC_45","100","task","Homo",0.142471221654037
"444","PPC_45","100","task","Hetero",0.172063518859853
"445","PPC_90","0","task","Homo",0.0369470579745372
"446","PPC_90","0","task","Hetero",0.054221062824803
"447","PPC_90","0","task","Homo",0.0589402102572254
"448","PPC_90","0","task","Hetero",0.0384682241435498
"449","PPC_90","0","task","Homo",0.021926122492248
"450","PPC_90","0","task","Hetero",0.0252977393115899
"451","PPC_90","0","task","Homo",0.0384901068916684
"452","PPC_90","0","task","Hetero",0.0552516512325996
"453","PPC_90","0","task","Homo",0.111215341123604
"454","PPC_90","0","task","Hetero",0.0806210571801434
"455","PPC_90","0","task","Homo",0.152738253932649
"456","PPC_90","0","task","Hetero",0.0542101335753338
"457","PPC_90","0","task","Homo",0.189865598535572
"458","PPC_90","0","task","Hetero",0.190791179461439
"459","PPC_90","10","task","Homo",0.0763332925191864
"460","PPC_90","10","task","Hetero",0.113637124958707
"461","PPC_90","10","task","Homo",0.122039368318196
"462","PPC_90","10","task","Hetero",0.135215051595787
"463","PPC_90","10","task","Homo",0.115507279204775
"464","PPC_90","10","task","Hetero",0.0806910434913876
"465","PPC_90","10","task","Homo",0.167903066470393
"466","PPC_90","10","task","Hetero",0.0816367393715308
"467","PPC_90","10","task","Homo",0.133236789199185
"468","PPC_90","10","task","Hetero",0.136382317690266
"469","PPC_90","10","task","Homo",0.188695387929475
"470","PPC_90","10","task","Hetero",0.112860373752666
"471","PPC_90","10","task","Homo",0.201316253371969
"472","PPC_90","10","task","Hetero",0.140505377606473
"473","PPC_90","20","task","Homo",0.126228223354548
"474","PPC_90","20","task","Hetero",0.144638863721732
"475","PPC_90","20","task","Homo",0.171395718769976
"476","PPC_90","20","task","Hetero",0.133079952951794
"477","PPC_90","20","task","Homo",0.15683034815725
"478","PPC_90","20","task","Hetero",0.100447897208301
"479","PPC_90","20","task","Homo",0.14952315530197
"480","PPC_90","20","task","Hetero",0.114308535555548
"481","PPC_90","20","task","Homo",0.130820583990561
"482","PPC_90","20","task","Hetero",0.137315149075779
"483","PPC_90","20","task","Homo",0.165004203842532
"484","PPC_90","20","task","Hetero",0.109331116475622
"485","PPC_90","20","task","Homo",0.175566646042201
"486","PPC_90","20","task","Hetero",0.0996137440201551
"487","PPC_90","40","task","Homo",0.130324395746216
"488","PPC_90","40","task","Hetero",0.153157166848456
"489","PPC_90","40","task","Homo",0.157645667236377
"490","PPC_90","40","task","Hetero",0.131304430626737
"491","PPC_90","40","task","Homo",0.178800149133703
"492","PPC_90","40","task","Hetero",0.116850554105326
"493","PPC_90","40","task","Homo",0.165127996656502
"494","PPC_90","40","task","Hetero",0.121025284747093
"495","PPC_90","40","task","Homo",0.123318207992701
"496","PPC_90","40","task","Hetero",0.115650618311154
"497","PPC_90","40","task","Homo",0.145787298221693
"498","PPC_90","40","task","Hetero",0.111071932209256
"499","PPC_90","40","task","Homo",0.170420990659875
"500","PPC_90","40","task","Hetero",0.145435849940563
"501","PPC_90","60","task","Homo",0.126425075681811
"502","PPC_90","60","task","Hetero",0.174207856888306
"503","PPC_90","60","task","Homo",0.155198655307448
"504","PPC_90","60","task","Hetero",0.133295620911817
"505","PPC_90","60","task","Homo",0.154838316244155
"506","PPC_90","60","task","Hetero",0.115078997478396
"507","PPC_90","60","task","Homo",0.165213046305302
"508","PPC_90","60","task","Hetero",0.119971162548235
"509","PPC_90","60","task","Homo",0.122590198228467
"510","PPC_90","60","task","Hetero",0.113862352426958
"511","PPC_90","60","task","Homo",0.12909858613256
"512","PPC_90","60","task","Hetero",0.111926029083975
"513","PPC_90","60","task","Homo",0.137258232252839
"514","PPC_90","60","task","Hetero",0.151612392307406
"515","PPC_90","100","task","Homo",0.126842505920361
"516","PPC_90","100","task","Hetero",0.156142051870972
"517","PPC_90","100","task","Homo",0.14968739922398
"518","PPC_90","100","task","Hetero",0.132398093602788
"519","PPC_90","100","task","Homo",0.150616450463135
"520","PPC_90","100","task","Hetero",0.129771531114726
"521","PPC_90","100","task","Homo",0.162005218707894
"522","PPC_90","100","task","Hetero",0.116210761562048
"523","PPC_90","100","task","Homo",0.131912181725213
"524","PPC_90","100","task","Hetero",0.11946879139327
"525","PPC_90","100","task","Homo",0.137472345005701
"526","PPC_90","100","task","Hetero",0.133723715010422
"527","PPC_90","100","task","Homo",0.136834375044762
"528","PPC_90","100","task","Hetero",0.154038668646147
"529","PPC_135","0","task","Homo",0.0294076845052542
"530","PPC_135","0","task","Hetero",0.0253695514795298
"531","PPC_135","0","task","Homo",0.0554253652419459
"532","PPC_135","0","task","Hetero",0.0313433728750991
"533","PPC_135","0","task","Homo",0.0177236010330292
"534","PPC_135","0","task","Hetero",0.0441789508319259
"535","PPC_135","0","task","Homo",0.0676723889543654
"536","PPC_135","0","task","Hetero",0.0512449908352685
"537","PPC_135","0","task","Homo",0.0205119627776471
"538","PPC_135","0","task","Hetero",0.0177971651382287
"539","PPC_135","0","task","Homo",0.0173256269331735
"540","PPC_135","0","task","Hetero",0.0133585033984539
"541","PPC_135","0","task","Homo",0.0877195939613306
"542","PPC_135","0","task","Hetero",0.0345201675728691
"543","PPC_135","10","task","Homo",0.0716658781958999
"544","PPC_135","10","task","Hetero",0.0671226873014951
"545","PPC_135","10","task","Homo",0.160463271020285
"546","PPC_135","10","task","Hetero",0.18501795916436
"547","PPC_135","10","task","Homo",0.0388003171216362
"548","PPC_135","10","task","Hetero",0.0410967073425109
"549","PPC_135","10","task","Homo",0.203151773552996
"550","PPC_135","10","task","Hetero",0.153626798189804
"551","PPC_135","10","task","Homo",0.230963045524117
"552","PPC_135","10","task","Hetero",0.101133781160844
"553","PPC_135","10","task","Homo",0.157782312762538
"554","PPC_135","10","task","Hetero",0.105891116596032
"555","PPC_135","10","task","Homo",0.185852858316712
"556","PPC_135","10","task","Hetero",0.087558242963611
"557","PPC_135","20","task","Homo",0.116081222924644
"558","PPC_135","20","task","Hetero",0.11051128338937
"559","PPC_135","20","task","Homo",0.140523278651129
"560","PPC_135","20","task","Hetero",0.160738371117085
"561","PPC_135","20","task","Homo",0.0486439749777732
"562","PPC_135","20","task","Hetero",0.0867549886313421
"563","PPC_135","20","task","Homo",0.165985006108309
"564","PPC_135","20","task","Hetero",0.18194419943252
"565","PPC_135","20","task","Homo",0.172862184587606
"566","PPC_135","20","task","Hetero",0.118763122085156
"567","PPC_135","20","task","Homo",0.159650592642664
"568","PPC_135","20","task","Hetero",0.113917034084196
"569","PPC_135","20","task","Homo",0.196160402478419
"570","PPC_135","20","task","Hetero",0.0910557894727426
"571","PPC_135","40","task","Homo",0.12972279004442
"572","PPC_135","40","task","Hetero",0.128045478851161
"573","PPC_135","40","task","Homo",0.13594651334124
"574","PPC_135","40","task","Hetero",0.136577726421111
"575","PPC_135","40","task","Homo",0.109139728279674
"576","PPC_135","40","task","Hetero",0.104837625221863
"577","PPC_135","40","task","Homo",0.145545831606606
"578","PPC_135","40","task","Hetero",0.142428946416357
"579","PPC_135","40","task","Homo",0.140392461551752
"580","PPC_135","40","task","Hetero",0.114672777813479
"581","PPC_135","40","task","Homo",0.156625931327142
"582","PPC_135","40","task","Hetero",0.130702924882196
"583","PPC_135","40","task","Homo",0.13394970216558
"584","PPC_135","40","task","Hetero",0.157632469549506
"585","PPC_135","60","task","Homo",0.185933950698623
"586","PPC_135","60","task","Hetero",0.157365773076999
"587","PPC_135","60","task","Homo",0.139619067739765
"588","PPC_135","60","task","Hetero",0.141268240717597
"589","PPC_135","60","task","Homo",0.109580122554583
"590","PPC_135","60","task","Hetero",0.114175018805269
"591","PPC_135","60","task","Homo",0.142566977401306
"592","PPC_135","60","task","Hetero",0.148679387861591
"593","PPC_135","60","task","Homo",0.136362142957395
"594","PPC_135","60","task","Hetero",0.123633131932219
"595","PPC_135","60","task","Homo",0.146247485181442
"596","PPC_135","60","task","Hetero",0.119359945995936
"597","PPC_135","60","task","Homo",0.11335107858484
"598","PPC_135","60","task","Hetero",0.148265387143925
"599","PPC_135","100","task","Homo",0.181279970566813
"600","PPC_135","100","task","Hetero",0.133339085058503
"601","PPC_135","100","task","Homo",0.144739971257459
"602","PPC_135","100","task","Hetero",0.139140147013269
"603","PPC_135","100","task","Homo",0.110131592751018
"604","PPC_135","100","task","Hetero",0.144544954568328
"605","PPC_135","100","task","Homo",0.144001238797544
"606","PPC_135","100","task","Hetero",0.148770384030036
"607","PPC_135","100","task","Homo",0.141569035222404
"608","PPC_135","100","task","Hetero",0.118960371125316
"609","PPC_135","100","task","Homo",0.143046555998142
"610","PPC_135","100","task","Hetero",0.117746005552697
"611","PPC_135","100","task","Homo",0.150695749137036
"612","PPC_135","100","task","Hetero",0.152281468030267
"613","V1_45","0","passive","Homo",0.075813938336831
"614","V1_45","0","passive","Hetero",0.0397273114127156
"615","V1_45","0","passive","Homo",0.0780987589303577
"616","V1_45","0","passive","Hetero",0.0776709665931769
"617","V1_45","0","passive","Homo",0.0268180835338746
"618","V1_45","0","passive","Hetero",0.0357431856607707
"619","V1_45","0","passive","Homo",0.0817635277243072
"620","V1_45","0","passive","Hetero",0.0655713900681063
"621","V1_45","0","passive","Homo",0.149760148756735
"622","V1_45","0","passive","Hetero",0.0870533593650071
"623","V1_45","0","passive","Homo",0
"624","V1_45","0","passive","Hetero",0
"625","V1_45","10","passive","Homo",0.128071678718202
"626","V1_45","10","passive","Hetero",0.0846835591344183
"627","V1_45","10","passive","Homo",0.146246137770772
"628","V1_45","10","passive","Hetero",0.0824657856116413
"629","V1_45","10","passive","Homo",0.0680266663753304
"630","V1_45","10","passive","Hetero",0.0768777504365586
"631","V1_45","10","passive","Homo",0.191342156147274
"632","V1_45","10","passive","Hetero",0.0623588803506994
"633","V1_45","10","passive","Homo",0.127738502557422
"634","V1_45","10","passive","Hetero",0.100433931799637
"635","V1_45","10","passive","Homo",0.0375318527472689
"636","V1_45","10","passive","Hetero",0.00408165260411458
"637","V1_45","20","passive","Homo",0.177983113652244
"638","V1_45","20","passive","Hetero",0.0935700286830466
"639","V1_45","20","passive","Homo",0.165866934544389
"640","V1_45","20","passive","Hetero",0.117762655284555
"641","V1_45","20","passive","Homo",0.0866673384153754
"642","V1_45","20","passive","Hetero",0.102507681852746
"643","V1_45","20","passive","Homo",0.173374144278841
"644","V1_45","20","passive","Hetero",0.0897343485856036
"645","V1_45","20","passive","Homo",0.125743920885057
"646","V1_45","20","passive","Hetero",0.12357927293129
"647","V1_45","20","passive","Homo",0.052297028390337
"648","V1_45","20","passive","Hetero",0.0189997742859527
"649","V1_45","40","passive","Homo",0.143853907751199
"650","V1_45","40","passive","Hetero",0.0774260206466144
"651","V1_45","40","passive","Homo",0.179657585704296
"652","V1_45","40","passive","Hetero",0.116444933348601
"653","V1_45","40","passive","Homo",0.105588599257332
"654","V1_45","40","passive","Hetero",0.0885238621606884
"655","V1_45","40","passive","Homo",0.14009512730324
"656","V1_45","40","passive","Hetero",0.102118353681095
"657","V1_45","40","passive","Homo",0.11887730239238
"658","V1_45","40","passive","Hetero",0.131469751073357
"659","V1_45","40","passive","Homo",0.100409678072817
"660","V1_45","40","passive","Hetero",0.029012400433742
"661","V1_45","60","passive","Homo",0.1336967169318
"662","V1_45","60","passive","Hetero",0.0977531649498801
"663","V1_45","60","passive","Homo",0.170861930895138
"664","V1_45","60","passive","Hetero",0.127759500448072
"665","V1_45","60","passive","Homo",0.0998287940734547
"666","V1_45","60","passive","Hetero",0.0946314782198214
"667","V1_45","60","passive","Homo",0.143180688029811
"668","V1_45","60","passive","Hetero",0.10593516415563
"669","V1_45","60","passive","Homo",0.113752620340429
"670","V1_45","60","passive","Hetero",0.124651861690811
"671","V1_45","60","passive","Homo",0.140290334181882
"672","V1_45","60","passive","Hetero",0.0512690545850103
"673","V1_45","100","passive","Homo",0.141693013337483
"674","V1_45","100","passive","Hetero",0.119541859519779
"675","V1_45","100","passive","Homo",0.154280452204561
"676","V1_45","100","passive","Hetero",0.130101865740495
"677","V1_45","100","passive","Homo",0.102245845338441
"678","V1_45","100","passive","Hetero",0.0952427167304525
"679","V1_45","100","passive","Homo",0.120199636123998
"680","V1_45","100","passive","Hetero",0.106425819722253
"681","V1_45","100","passive","Homo",0.1142775558182
"682","V1_45","100","passive","Hetero",0.132111256452721
"683","V1_45","100","passive","Homo",0.147200658805575
"684","V1_45","100","passive","Hetero",0.0787622916710257
"685","V1_90","0","passive","Homo",0
"686","V1_90","0","passive","Hetero",0
"687","V1_90","0","passive","Homo",0
"688","V1_90","0","passive","Hetero",0
"689","V1_90","0","passive","Homo",0
"690","V1_90","0","passive","Hetero",0
"691","V1_90","0","passive","Homo",0
"692","V1_90","0","passive","Hetero",0
"693","V1_90","0","passive","Homo",0
"694","V1_90","0","passive","Hetero",0
"695","V1_90","0","passive","Homo",0
"696","V1_90","0","passive","Hetero",0
"697","V1_90","10","passive","Homo",0.196645799734318
"698","V1_90","10","passive","Hetero",0.126507628248268
"699","V1_90","10","passive","Homo",0.0765540504472202
"700","V1_90","10","passive","Hetero",0.0647412824763437
"701","V1_90","10","passive","Homo",0.198162687734705
"702","V1_90","10","passive","Hetero",0.131842460611223
"703","V1_90","10","passive","Homo",0.148620092889338
"704","V1_90","10","passive","Hetero",0.185236521406429
"705","V1_90","10","passive","Homo",0.142433845604491
"706","V1_90","10","passive","Hetero",0.0773953398185867
"707","V1_90","10","passive","Homo",0.0801758271547524
"708","V1_90","10","passive","Hetero",0.0313626790135584
"709","V1_90","20","passive","Homo",0.175795969806539
"710","V1_90","20","passive","Hetero",0.137954033677549
"711","V1_90","20","passive","Homo",0.0829476477962592
"712","V1_90","20","passive","Hetero",0.0966082041463714
"713","V1_90","20","passive","Homo",0.168790294458376
"714","V1_90","20","passive","Hetero",0.147547689043652
"715","V1_90","20","passive","Homo",0.1341515624809
"716","V1_90","20","passive","Hetero",0.139662284668743
"717","V1_90","20","passive","Homo",0.174748123712655
"718","V1_90","20","passive","Hetero",0.110023824656263
"719","V1_90","20","passive","Homo",0.0557803922107257
"720","V1_90","20","passive","Hetero",0.0567252779151825
"721","V1_90","40","passive","Homo",0.155502963762051
"722","V1_90","40","passive","Hetero",0.142862893153163
"723","V1_90","40","passive","Homo",0.0793234695131937
"724","V1_90","40","passive","Hetero",0.082814747721115
"725","V1_90","40","passive","Homo",0.168052168951262
"726","V1_90","40","passive","Hetero",0.139806848671925
"727","V1_90","40","passive","Homo",0.155826384723032
"728","V1_90","40","passive","Hetero",0.139243140501629
"729","V1_90","40","passive","Homo",0.160048000654459
"730","V1_90","40","passive","Hetero",0.0852364683651282
"731","V1_90","40","passive","Homo",0.0944009506219712
"732","V1_90","40","passive","Hetero",0.104139825977126
"733","V1_90","60","passive","Homo",0.155929747489263
"734","V1_90","60","passive","Hetero",0.133112984979737
"735","V1_90","60","passive","Homo",0.0798271467857629
"736","V1_90","60","passive","Hetero",0.0889392140565037
"737","V1_90","60","passive","Homo",0.160852526956822
"738","V1_90","60","passive","Hetero",0.137575843008064
"739","V1_90","60","passive","Homo",0.149923336967809
"740","V1_90","60","passive","Hetero",0.120980120649348
"741","V1_90","60","passive","Homo",0.160931754991516
"742","V1_90","60","passive","Hetero",0.0824773179354168
"743","V1_90","60","passive","Homo",0.119441068751713
"744","V1_90","60","passive","Hetero",0.108898400826738
"745","V1_90","100","passive","Homo",0.165268730098256
"746","V1_90","100","passive","Hetero",0.137054606036121
"747","V1_90","100","passive","Homo",0.085174104074483
"748","V1_90","100","passive","Hetero",0.0929605604422641
"749","V1_90","100","passive","Homo",0.156473305250737
"750","V1_90","100","passive","Hetero",0.151362191082817
"751","V1_90","100","passive","Homo",0.144827276871414
"752","V1_90","100","passive","Hetero",0.123681705781172
"753","V1_90","100","passive","Homo",0.167406649470661
"754","V1_90","100","passive","Hetero",0.0940467669980087
"755","V1_90","100","passive","Homo",0.165117636950998
"756","V1_90","100","passive","Hetero",0.129655075488246
"757","V1_135","0","passive","Homo",0.078205475639663
"758","V1_135","0","passive","Hetero",0.0897868161170433
"759","V1_135","0","passive","Homo",0.0737829806944482
"760","V1_135","0","passive","Hetero",0.0460371781132883
"761","V1_135","0","passive","Homo",0.0833228318016975
"762","V1_135","0","passive","Hetero",0.0896875107048325
"763","V1_135","0","passive","Homo",0.0956262825195038
"764","V1_135","0","passive","Hetero",0.029091400922392
"765","V1_135","0","passive","Homo",0.0218823454059507
"766","V1_135","0","passive","Hetero",0.0273489862431619
"767","V1_135","0","passive","Homo",0.0137928901746235
"768","V1_135","0","passive","Hetero",0.00427226894349847
"769","V1_135","10","passive","Homo",0.158134569268511
"770","V1_135","10","passive","Hetero",0.104040050379361
"771","V1_135","10","passive","Homo",0.146261731149582
"772","V1_135","10","passive","Hetero",0.103529285396368
"773","V1_135","10","passive","Homo",0.130368591676372
"774","V1_135","10","passive","Hetero",0.0992182830939398
"775","V1_135","10","passive","Homo",0.171295345553351
"776","V1_135","10","passive","Hetero",0.074634844264682
"777","V1_135","10","passive","Homo",0.112396241389528
"778","V1_135","10","passive","Hetero",0.0986394563571517
"779","V1_135","10","passive","Homo",0.0873802297864172
"780","V1_135","10","passive","Hetero",0.0463520171299085
"781","V1_135","20","passive","Homo",0.159296561399137
"782","V1_135","20","passive","Hetero",0.104983224508683
"783","V1_135","20","passive","Homo",0.160396317102047
"784","V1_135","20","passive","Hetero",0.0971805531294922
"785","V1_135","20","passive","Homo",0.116165544393071
"786","V1_135","20","passive","Hetero",0.0883438790602638
"787","V1_135","20","passive","Homo",0.18800525977299
"788","V1_135","20","passive","Hetero",0.0923308933401125
"789","V1_135","20","passive","Homo",0.104936269242825
"790","V1_135","20","passive","Hetero",0.109449846470063
"791","V1_135","20","passive","Homo",0.0707256568251217
"792","V1_135","20","passive","Hetero",0.0585990136585133
"793","V1_135","40","passive","Homo",0.156814252843797
"794","V1_135","40","passive","Hetero",0.108275169299673
"795","V1_135","40","passive","Homo",0.154426654595254
"796","V1_135","40","passive","Hetero",0.0910083157362669
"797","V1_135","40","passive","Homo",0.135957735249538
"798","V1_135","40","passive","Hetero",0.0992664417740877
"799","V1_135","40","passive","Homo",0.150632641526013
"800","V1_135","40","passive","Hetero",0.113567492434582
"801","V1_135","40","passive","Homo",0.171651530840325
"802","V1_135","40","passive","Hetero",0.113683556571953
"803","V1_135","40","passive","Homo",0.0629308465678731
"804","V1_135","40","passive","Hetero",0.0592205516812813
"805","V1_135","60","passive","Homo",0.135472851525426
"806","V1_135","60","passive","Hetero",0.0996585183136015
"807","V1_135","60","passive","Homo",0.139365137380202
"808","V1_135","60","passive","Hetero",0.089462107157111
"809","V1_135","60","passive","Homo",0.12103382260681
"810","V1_135","60","passive","Hetero",0.105930559226318
"811","V1_135","60","passive","Homo",0.123433269466774
"812","V1_135","60","passive","Hetero",0.112723143551011
"813","V1_135","60","passive","Homo",0.172047002994972
"814","V1_135","60","passive","Hetero",0.114608682490396
"815","V1_135","60","passive","Homo",0.0680676712252839
"816","V1_135","60","passive","Hetero",0.0675394734844356
"817","V1_135","100","passive","Homo",0.137632709960077
"818","V1_135","100","passive","Hetero",0.0989393167997981
"819","V1_135","100","passive","Homo",0.141945414383588
"820","V1_135","100","passive","Hetero",0.0918469995354255
"821","V1_135","100","passive","Homo",0.131103760420879
"822","V1_135","100","passive","Hetero",0.106237402204757
"823","V1_135","100","passive","Homo",0.145441799276376
"824","V1_135","100","passive","Hetero",0.117606397308747
"825","V1_135","100","passive","Homo",0.165892924092659
"826","V1_135","100","passive","Hetero",0.103695957634123
"827","V1_135","100","passive","Homo",0.097874542103951
"828","V1_135","100","passive","Hetero",0.0672311270980426
"829","PPC_45","0","passive","Homo",0.00712952168047011
"830","PPC_45","0","passive","Hetero",0.0116595923878484
"831","PPC_45","0","passive","Homo",0
"832","PPC_45","0","passive","Hetero",0
"833","PPC_45","0","passive","Homo",0.0547636669329708
"834","PPC_45","0","passive","Hetero",0.0705016736206107
"835","PPC_45","0","passive","Homo",0.0901037402959604
"836","PPC_45","0","passive","Hetero",0.0973010181066225
"837","PPC_45","0","passive","Homo",0.079999089257156
"838","PPC_45","0","passive","Hetero",0.0672248243399882
"839","PPC_45","0","passive","Homo",0
"840","PPC_45","0","passive","Hetero",0
"841","PPC_45","0","passive","Homo",0.0342210774495773
"842","PPC_45","0","passive","Hetero",0.0599225241428289
"843","PPC_45","0","passive","Homo",0.0633751362218752
"844","PPC_45","0","passive","Hetero",0.0334567264812919
"845","PPC_45","10","passive","Homo",0.0936799021651144
"846","PPC_45","10","passive","Hetero",0.0912529169822022
"847","PPC_45","10","passive","Homo",0.0950214723047823
"848","PPC_45","10","passive","Hetero",0.106320214744031
"849","PPC_45","10","passive","Homo",0.100738644763725
"850","PPC_45","10","passive","Hetero",0.0611348887367736
"851","PPC_45","10","passive","Homo",0.132949974849196
"852","PPC_45","10","passive","Hetero",0.0847335123046338
"853","PPC_45","10","passive","Homo",0.169963949301515
"854","PPC_45","10","passive","Hetero",0.157146180501465
"855","PPC_45","10","passive","Homo",0.0502053305521482
"856","PPC_45","10","passive","Hetero",0.0645438505119954
"857","PPC_45","10","passive","Homo",0.145439658306421
"858","PPC_45","10","passive","Hetero",0.140814420639632
"859","PPC_45","10","passive","Homo",0.113182695197609
"860","PPC_45","10","passive","Hetero",0.1186223084257
"861","PPC_45","20","passive","Homo",0.146090001352167
"862","PPC_45","20","passive","Hetero",0.115774918224226
"863","PPC_45","20","passive","Homo",0.12062705473209
"864","PPC_45","20","passive","Hetero",0.125815332632432
"865","PPC_45","20","passive","Homo",0.16092878946326
"866","PPC_45","20","passive","Hetero",0.0984875542726884
"867","PPC_45","20","passive","Homo",0.142407432419202
"868","PPC_45","20","passive","Hetero",0.157367907374668
"869","PPC_45","20","passive","Homo",0.150779615479653
"870","PPC_45","20","passive","Hetero",0.159973004062028
"871","PPC_45","20","passive","Homo",0.0720208498758577
"872","PPC_45","20","passive","Hetero",0.0797992806280666
"873","PPC_45","20","passive","Homo",0.143569769606686
"874","PPC_45","20","passive","Hetero",0.125585990274946
"875","PPC_45","20","passive","Homo",0.102790023277839
"876","PPC_45","20","passive","Hetero",0.124530529910627
"877","PPC_45","40","passive","Homo",0.15611146727077
"878","PPC_45","40","passive","Hetero",0.113345455124937
"879","PPC_45","40","passive","Homo",0.119754665957938
"880","PPC_45","40","passive","Hetero",0.154032063766306
"881","PPC_45","40","passive","Homo",0.13083118376905
"882","PPC_45","40","passive","Hetero",0.146182213068092
"883","PPC_45","40","passive","Homo",0.130212793300373
"884","PPC_45","40","passive","Hetero",0.135661857657278
"885","PPC_45","40","passive","Homo",0.147385432169836
"886","PPC_45","40","passive","Hetero",0.133720753964089
"887","PPC_45","40","passive","Homo",0.119851704940933
"888","PPC_45","40","passive","Hetero",0.0912045044926164
"889","PPC_45","40","passive","Homo",0.132995974586421
"890","PPC_45","40","passive","Hetero",0.136175766926485
"891","PPC_45","40","passive","Homo",0.120509963559356
"892","PPC_45","40","passive","Hetero",0.119951153460986
"893","PPC_45","60","passive","Homo",0.143770830267108
"894","PPC_45","60","passive","Hetero",0.109240462663876
"895","PPC_45","60","passive","Homo",0.135832699983075
"896","PPC_45","60","passive","Hetero",0.154341208192417
"897","PPC_45","60","passive","Homo",0.140048847026812
"898","PPC_45","60","passive","Hetero",0.131357093479063
"899","PPC_45","60","passive","Homo",0.144140377139905
"900","PPC_45","60","passive","Hetero",0.129007936380957
"901","PPC_45","60","passive","Homo",0.136943469438961
"902","PPC_45","60","passive","Hetero",0.127967269098467
"903","PPC_45","60","passive","Homo",0.111667757745713
"904","PPC_45","60","passive","Hetero",0.077898793991086
"905","PPC_45","60","passive","Homo",0.139543656570069
"906","PPC_45","60","passive","Hetero",0.131102214377043
"907","PPC_45","60","passive","Homo",0.113827912863723
"908","PPC_45","60","passive","Hetero",0.120533641171788
"909","PPC_45","100","passive","Homo",0.133910083083219
"910","PPC_45","100","passive","Hetero",0.102898110231569
"911","PPC_45","100","passive","Homo",0.138791729134826
"912","PPC_45","100","passive","Hetero",0.141206441103754
"913","PPC_45","100","passive","Homo",0.148569591872501
"914","PPC_45","100","passive","Hetero",0.128595754890593
"915","PPC_45","100","passive","Homo",0.134434163574197
"916","PPC_45","100","passive","Hetero",0.131905710612976
"917","PPC_45","100","passive","Homo",0.137769828624135
"918","PPC_45","100","passive","Hetero",0.128493461060728
"919","PPC_45","100","passive","Homo",0.133194555435924
"920","PPC_45","100","passive","Hetero",0.100337940801836
"921","PPC_45","100","passive","Homo",0.136984032754447
"922","PPC_45","100","passive","Hetero",0.120576939175151
"923","PPC_45","100","passive","Homo",0.116072499593249
"924","PPC_45","100","passive","Hetero",0.114861355594044
"925","PPC_90","0","passive","Homo",0.0444890625779574
"926","PPC_90","0","passive","Hetero",0.0289999313435119
"927","PPC_90","0","passive","Homo",0.0274703733456059
"928","PPC_90","0","passive","Hetero",0.0323765713979597
"929","PPC_90","0","passive","Homo",0.02798249440947
"930","PPC_90","0","passive","Hetero",0.0706112779628087
"931","PPC_90","0","passive","Homo",0.0775464570330112
"932","PPC_90","0","passive","Hetero",0.0614038738565327
"933","PPC_90","0","passive","Homo",0.12567875439578
"934","PPC_90","0","passive","Hetero",0.0802244787538197
"935","PPC_90","0","passive","Homo",0.0276229267041576
"936","PPC_90","0","passive","Hetero",0.00340385327513884
"937","PPC_90","0","passive","Homo",0.0170665938956538
"938","PPC_90","0","passive","Hetero",0.0262038128541062
"939","PPC_90","0","passive","Homo",0.0549697975759854
"940","PPC_90","0","passive","Hetero",0.0648389601942852
"941","PPC_90","10","passive","Homo",0.178869166790498
"942","PPC_90","10","passive","Hetero",0.179076075399354
"943","PPC_90","10","passive","Homo",0.0516550721270523
"944","PPC_90","10","passive","Hetero",0.103651729669157
"945","PPC_90","10","passive","Homo",0.0702303829568156
"946","PPC_90","10","passive","Hetero",0.0646444031615745
"947","PPC_90","10","passive","Homo",0.146264973378461
"948","PPC_90","10","passive","Hetero",0.092233573901605
"949","PPC_90","10","passive","Homo",0.158316440197184
"950","PPC_90","10","passive","Hetero",0.170482706933471
"951","PPC_90","10","passive","Homo",0.0843473930304023
"952","PPC_90","10","passive","Hetero",0.0153414860915869
"953","PPC_90","10","passive","Homo",0.105685384884296
"954","PPC_90","10","passive","Hetero",0.110724356279762
"955","PPC_90","10","passive","Homo",0.120349874648846
"956","PPC_90","10","passive","Hetero",0.115678872963183
"957","PPC_90","20","passive","Homo",0.176189747446831
"958","PPC_90","20","passive","Hetero",0.16509564448297
"959","PPC_90","20","passive","Homo",0.111144203554365
"960","PPC_90","20","passive","Hetero",0.108309764649545
"961","PPC_90","20","passive","Homo",0.102244816100227
"962","PPC_90","20","passive","Hetero",0.0760318889787918
"963","PPC_90","20","passive","Homo",0.161170053012319
"964","PPC_90","20","passive","Hetero",0.112166316078555
"965","PPC_90","20","passive","Homo",0.147377292926704
"966","PPC_90","20","passive","Hetero",0.145015982797526
"967","PPC_90","20","passive","Homo",0.103857582048137
"968","PPC_90","20","passive","Hetero",0.0301385672187435
"969","PPC_90","20","passive","Homo",0.127182073089686
"970","PPC_90","20","passive","Hetero",0.117679868963746
"971","PPC_90","20","passive","Homo",0.136547759915062
"972","PPC_90","20","passive","Hetero",0.160222321442652
"973","PPC_90","40","passive","Homo",0.189508205866795
"974","PPC_90","40","passive","Hetero",0.153485859860178
"975","PPC_90","40","passive","Homo",0.163812434049999
"976","PPC_90","40","passive","Hetero",0.138786214426592
"977","PPC_90","40","passive","Homo",0.0975227327348555
"978","PPC_90","40","passive","Hetero",0.131035520071167
"979","PPC_90","40","passive","Homo",0.121784010745872
"980","PPC_90","40","passive","Hetero",0.119138117072289
"981","PPC_90","40","passive","Homo",0.149713173950708
"982","PPC_90","40","passive","Hetero",0.146518208098885
"983","PPC_90","40","passive","Homo",0.112336142668923
"984","PPC_90","40","passive","Hetero",0.0859207607995229
"985","PPC_90","40","passive","Homo",0.128941434050342
"986","PPC_90","40","passive","Hetero",0.131246979081203
"987","PPC_90","40","passive","Homo",0.154241618749634
"988","PPC_90","40","passive","Hetero",0.156201755132678
"989","PPC_90","60","passive","Homo",0.184414719890075
"990","PPC_90","60","passive","Hetero",0.156477306381541
"991","PPC_90","60","passive","Homo",0.153109595263695
"992","PPC_90","60","passive","Hetero",0.139179126970196
"993","PPC_90","60","passive","Homo",0.0920559978712728
"994","PPC_90","60","passive","Hetero",0.133266455375533
"995","PPC_90","60","passive","Homo",0.116631648676139
"996","PPC_90","60","passive","Hetero",0.116920984425171
"997","PPC_90","60","passive","Homo",0.14481571642254
"998","PPC_90","60","passive","Hetero",0.144830866223517
"999","PPC_90","60","passive","Homo",0.137246724701717
"1000","PPC_90","60","passive","Hetero",0.0959633987434322
"1001","PPC_90","60","passive","Homo",0.130538675633205
"1002","PPC_90","60","passive","Hetero",0.125932507801746
"1003","PPC_90","60","passive","Homo",0.1342694190228
"1004","PPC_90","60","passive","Hetero",0.144951393023245
"1005","PPC_90","100","passive","Homo",0.178642134843163
"1006","PPC_90","100","passive","Hetero",0.147166656037444
"1007","PPC_90","100","passive","Homo",0.145984616414317
"1008","PPC_90","100","passive","Hetero",0.116679631751387
"1009","PPC_90","100","passive","Homo",0.0932083192704932
"1010","PPC_90","100","passive","Hetero",0.113989368621782
"1011","PPC_90","100","passive","Homo",0.122185916689703
"1012","PPC_90","100","passive","Hetero",0.12130880029916
"1013","PPC_90","100","passive","Homo",0.135436990041215
"1014","PPC_90","100","passive","Hetero",0.145056919766032
"1015","PPC_90","100","passive","Homo",0.147098440474775
"1016","PPC_90","100","passive","Hetero",0.0815058336509708
"1017","PPC_90","100","passive","Homo",0.136726902957239
"1018","PPC_90","100","passive","Hetero",0.124830324292421
"1019","PPC_90","100","passive","Homo",0.128345915212465
"1020","PPC_90","100","passive","Hetero",0.141935129492663
"1021","PPC_135","0","passive","Homo",0
"1022","PPC_135","0","passive","Hetero",0
"1023","PPC_135","0","passive","Homo",0
"1024","PPC_135","0","passive","Hetero",0
"1025","PPC_135","0","passive","Homo",0
"1026","PPC_135","0","passive","Hetero",0
"1027","PPC_135","0","passive","Homo",0
"1028","PPC_135","0","passive","Hetero",0
"1029","PPC_135","0","passive","Homo",0
"1030","PPC_135","0","passive","Hetero",0
"1031","PPC_135","0","passive","Homo",0
"1032","PPC_135","0","passive","Hetero",0
"1033","PPC_135","0","passive","Homo",0
"1034","PPC_135","0","passive","Hetero",0
"1035","PPC_135","0","passive","Homo",0
"1036","PPC_135","0","passive","Hetero",0
"1037","PPC_135","10","passive","Homo",0.0942431916971579
"1038","PPC_135","10","passive","Hetero",0.101512892418683
"1039","PPC_135","10","passive","Homo",0.0445648087320965
"1040","PPC_135","10","passive","Hetero",0.0408726178047815
"1041","PPC_135","10","passive","Homo",0.0550591045549974
"1042","PPC_135","10","passive","Hetero",0.0408288077861855
"1043","PPC_135","10","passive","Homo",0.137420299640897
"1044","PPC_135","10","passive","Hetero",0.0948346837393538
"1045","PPC_135","10","passive","Homo",0.148881806802193
"1046","PPC_135","10","passive","Hetero",0.115308903211784
"1047","PPC_135","10","passive","Homo",0.0639498402533938
"1048","PPC_135","10","passive","Hetero",0.0395800316318011
"1049","PPC_135","10","passive","Homo",0.119246465036293
"1050","PPC_135","10","passive","Hetero",0.0669526058374644
"1051","PPC_135","10","passive","Homo",0.128012651137927
"1052","PPC_135","10","passive","Hetero",0.0965252377762658
"1053","PPC_135","20","passive","Homo",0.10618713517246
"1054","PPC_135","20","passive","Hetero",0.117756113294011
"1055","PPC_135","20","passive","Homo",0.0514851902700282
"1056","PPC_135","20","passive","Hetero",0.0705071693395662
"1057","PPC_135","20","passive","Homo",0.0763068874512019
"1058","PPC_135","20","passive","Hetero",0.0736595903127947
"1059","PPC_135","20","passive","Homo",0.123396598387349
"1060","PPC_135","20","passive","Hetero",0.0964114070793528
"1061","PPC_135","20","passive","Homo",0.143882504254585
"1062","PPC_135","20","passive","Hetero",0.113234440348582
"1063","PPC_135","20","passive","Homo",0.0860979524077847
"1064","PPC_135","20","passive","Hetero",0.0617036380560252
"1065","PPC_135","20","passive","Homo",0.144747341574805
"1066","PPC_135","20","passive","Hetero",0.107352437920366
"1067","PPC_135","20","passive","Homo",0.131871172027417
"1068","PPC_135","20","passive","Hetero",0.116510045703697
"1069","PPC_135","40","passive","Homo",0.11685158044576
"1070","PPC_135","40","passive","Hetero",0.104770062908794
"1071","PPC_135","40","passive","Homo",0.0830266987422889
"1072","PPC_135","40","passive","Hetero",0.087786752141068
"1073","PPC_135","40","passive","Homo",0.11281046426248
"1074","PPC_135","40","passive","Hetero",0.0824088415491545
"1075","PPC_135","40","passive","Homo",0.130370384224738
"1076","PPC_135","40","passive","Hetero",0.10176053995379
"1077","PPC_135","40","passive","Homo",0.144149099661594
"1078","PPC_135","40","passive","Hetero",0.109700577114002
"1079","PPC_135","40","passive","Homo",0.084982939545512
"1080","PPC_135","40","passive","Hetero",0.0736509831796959
"1081","PPC_135","40","passive","Homo",0.133020971568933
"1082","PPC_135","40","passive","Hetero",0.120372542258874
"1083","PPC_135","40","passive","Homo",0.159350702580212
"1084","PPC_135","40","passive","Hetero",0.126546099590376
"1085","PPC_135","60","passive","Homo",0.107488261440575
"1086","PPC_135","60","passive","Hetero",0.0992811974429533
"1087","PPC_135","60","passive","Homo",0.119267733817271
"1088","PPC_135","60","passive","Hetero",0.0834250677286064
"1089","PPC_135","60","passive","Homo",0.107981704697907
"1090","PPC_135","60","passive","Hetero",0.0866438730681831
"1091","PPC_135","60","passive","Homo",0.127926946293978
"1092","PPC_135","60","passive","Hetero",0.1070767718367
"1093","PPC_135","60","passive","Homo",0.145118743544742
"1094","PPC_135","60","passive","Hetero",0.112560244496852
"1095","PPC_135","60","passive","Homo",0.120488589182342
"1096","PPC_135","60","passive","Hetero",0.0777545168110645
"1097","PPC_135","60","passive","Homo",0.120273241228756
"1098","PPC_135","60","passive","Hetero",0.115750714268497
"1099","PPC_135","60","passive","Homo",0.151882751356768
"1100","PPC_135","60","passive","Hetero",0.125463867799964
"1101","PPC_135","100","passive","Homo",0.108405779689095
"1102","PPC_135","100","passive","Hetero",0.0978165024669216
"1103","PPC_135","100","passive","Homo",0.130901199480609
"1104","PPC_135","100","passive","Hetero",0.103523211099971
"1105","PPC_135","100","passive","Homo",0.089999936013817
"1106","PPC_135","100","passive","Hetero",0.0960043539730173
"1107","PPC_135","100","passive","Homo",0.132309286823087
"1108","PPC_135","100","passive","Hetero",0.104807092044838
"1109","PPC_135","100","passive","Homo",0.136757952467176
"1110","PPC_135","100","passive","Hetero",0.116743244808545
"1111","PPC_135","100","passive","Homo",0.142364540736056
"1112","PPC_135","100","passive","Hetero",0.0783566214580412
"1113","PPC_135","100","passive","Homo",0.121471284290863
"1114","PPC_135","100","passive","Hetero",0.119526062903463
"1115","PPC_135","100","passive","Homo",0.12026061432608
"1116","PPC_135","100","passive","Hetero",0.110025068095236
